{
  "qwen3-14b": {
    "variant": "medium_easy",
    "pass_at_4": 0.6666666666666666,
    "success_rate": 0.5666666666666667
  },
  "gemini-2.5-flash": {
    "variant": "medium_hard",
    "pass_at_4": 0.7833333333333333,
    "success_rate": 0.6958333333333333
  },
  "gpt-5-mini-2025-08-07": {
    "variant": "medium_moderate",
    "pass_at_4": 0.75,
    "success_rate": 0.675
  },
  "deepseek-r1-0528-qwen3-8b": {
    "variant": "medium_hard",
    "pass_at_4": 0.5666666666666667,
    "success_rate": 0.4708333333333333
  },
  "deepseek-r1-llama-8b": {
    "variant": "medium_none",
    "pass_at_4": 0.5666666666666667,
    "success_rate": 0.4375
  }
}